Usuario,Nombre,Fecha,Texto,Likes,Retweets,Comentarios,Citas,Enlace,Im√°genes,Videos,GIFs
@Cicmty,CIC,"Jun 20, 2024 ¬∑ 2:01 AM UTC",atenci√≥n sigue las recomendaciones que aqu√≠ te compartimos para mantenerte seguro en caso de emergencia llama al reporta cualquier incidente zona de riesgo o inundaci√≥n en reportarcicmx prevenci√≥n emergencias alberto,7,4,1,0,https://twitter.com/Cicmty/status/1803609079648051321#m,['https://pbs.twimg.com/media/GQe05bQWEAQ2XGa.jpg'],,
@Cicmty,CIC,"Jun 20, 2024 ¬∑ 12:37 AM UTC",inundaci√≥n en santa rosa mezquital y calle gaseoducto evite la zona apodaca v√≠a apodacanews,7,1,1,0,https://twitter.com/Cicmty/status/1803587992411386062#m,,,
@Cicmty,CIC,"Jun 20, 2024 ¬∑ 12:18 AM UTC",inundaci√≥n en av andr√≥meda y gasoducto apodaca v√≠a apodacanews cc pcnuevoleon staclinea,1,1,1,0,https://twitter.com/Cicmty/status/1803583087047221525#m,,,
@Cicmty,CIC,"Jun 19, 2024 ¬∑ 11:50 PM UTC",inundaci√≥n en av constituci√≥n y padre mier centro monterrey v√≠a pcmty,214,45,4,3,https://twitter.com/Cicmty/status/1803576103191404941#m,,['https://video.twimg.com/ext_tw_video/1803576067967287297/pu/vid/avc1/848x480/Sn0WJ_PyftcPVonC.mp4?tag=12'],
@elnortelocal,elnortelocal,"Jun 21, 2024 ¬∑ 12:47 AM UTC",ent√©rate la sierra de santiago es impactada por lluvias de la tormenta alberto que dej√≥ deslaves e inundaciones la cola de caballo se desborda m√°s informaci√≥n en,68,15,0,2,https://twitter.com/elnortelocal/status/1803952907173216343#m,,['https://video.twimg.com/ext_tw_video/1803952874633703424/pu/pl/u5u8-S8iUBWsa1-e.m3u8?tag=12'],
@elnortelocal,elnortelocal,"Jun 20, 2024 ¬∑ 11:01 PM UTC",local por d√©cadas habitantes de las colonias al norte de monterrey sufr√≠an por las inundaciones ahora sufren por la basura que tapa el drenaje,26,9,5,2,https://twitter.com/elnortelocal/status/1803926224013512758#m,,,
@elnortelocal,elnortelocal,"Jun 20, 2024 ¬∑ 8:30 PM UTC",local la casa del tec ubicada en santa catarina y que ser√° rifada este s√°bado sufre inundaciones por las lluvias de la tormenta alberto m√°s informaci√≥n en,37,13,5,1,https://twitter.com/elnortelocal/status/1803888060171718708#m,,['https://video.twimg.com/ext_tw_video/1803888007209984000/pu/pl/kdU2UaE3QVmJttZc.m3u8?tag=12'],
@elnortelocal,elnortelocal,"Jun 20, 2024 ¬∑ 2:59 PM UTC",local lluvias torrenciales de la tormenta tropical alberto desbordan afluentes y provocan inundaciones en la cabecera municipal de aramberri m√°s informaci√≥n,109,30,2,3,https://twitter.com/elnortelocal/status/1803804990470824026#m,,['https://video.twimg.com/ext_tw_video/1803804965376274432/pu/pl/PswyHic8JpL8Eial.m3u8?tag=12'],
@mtygob,Gobierno Monterrey,"Jun 21, 2024 ¬∑ 2:51 AM UTC",cierres a la vialidad por inundaciones hasta el momento zona sur camino al mirador y lazaro cardenas parque canoas antiguo camino a villa de santiago y avenida la hacienda antiguo camino a villa de santiago y santa anita,70,15,1,0,https://twitter.com/mtygob/status/1803983994243158135#m,,,
@LoQuePasaEnNL,@QuePasaEnNL ¬ÆÔ∏è,"Jun 20, 2024 ¬∑ 11:32 PM UTC",reportan riesgo de desborde del r√≠o pesquer√≠a en los l√≠mites de escobedo y garc√≠a a la altura del libramiento,90,6,0,0,https://twitter.com/LoQuePasaEnNL/status/1803933993525743940#m,"['https://pbs.twimg.com/media/GQjcaEWakAMtHo4.jpg', 'https://pbs.twimg.com/media/GQjcaEZakAAth0L.jpg']",,
@DarkKnightMty,DarkKnightMty,"Jun 20, 2024 ¬∑ 9:19 PM UTC",lamento mucho que didifoodmx didimexico est√© motivando a sus repartidores a salir a exponer sus vidas con todo y las inundaciones ellos no responder√°n por la vida de sus repartidores que ni siquiera tienen prestaciones de ley monterrey alberto,81,24,9,3,https://twitter.com/DarkKnightMty/status/1803900379685408924#m,['https://pbs.twimg.com/media/GQi91f2WQAAiPPF.jpg'],,
@metrorreynlofi1,Metrorrey Oficial N.L.,"Jun 20, 2024 ¬∑ 1:00 AM UTC",prevengamos inundaciones y ay√∫danos a ser parte de la soluci√≥n no tires basura en la calle as√≠ se evita el desbordamientos en las alcantarillas no olvides mantenerte al tanto de las actualizaciones de las fuentes oficiales,5,1,2,0,https://twitter.com/metrorreynlofi1/status/1803593609767428148#m,['https://pbs.twimg.com/media/GQeFNdsWoAAX5jS.jpg'],,
@MovilidadSN,Movilidad San Nicolas üö®,"Jan 31, 2024 ¬∑ 9:00 PM UTC",movilidadsn en movilidadsn te damos las siguientes recomendaciones para que puedas evitar accidentes viales gobsannicolas,3,1,0,0,https://twitter.com/MovilidadSN/status/1752798912937906619#m,['https://pbs.twimg.com/media/GFME5sIX0AAs2LL.png'],,
@MovilidadSN,Movilidad San Nicolas üö®,"Jan 16, 2024 ¬∑ 9:38 PM UTC",movilidadsn te damos las siguientes recomendaciones para evitar accidentes,5,2,0,0,https://twitter.com/MovilidadSN/status/1747372895536402615#m,['https://pbs.twimg.com/media/GD_qYgxXUAA-C__.jpg'],,
@PC_NuevoLeon,Protecci√≥n Civil NL,"Jun 20, 2024 ¬∑ 1:24 AM UTC",las lluvias podr√≠an originar visibilidad reducida deslaves encharcamientos o inundaciones as√≠ como incremento en los niveles de rios arroyos en la regi√≥n del estado,2,1,1,0,https://twitter.com/PC_NuevoLeon/status/1803599822206706016#m,,,
@PC_NuevoLeon,Protecci√≥n Civil NL,"Jun 20, 2024 ¬∑ 1:22 AM UTC",recuerde seguir las recomendaciones que emite protecci√≥n civil nuevo le√≥n para evitar accidentes eviten cruzar r√≠os arroyos vados pasos a desnivel o corrientes repentinas de agua evite salir de casa si no es necesario evite tirar basura en la calle,5,6,1,0,https://twitter.com/PC_NuevoLeon/status/1803599295951634739#m,,,
@PC_NuevoLeon,Protecci√≥n Civil NL,"Jun 19, 2024 ¬∑ 9:45 PM UTC",precauci√≥n carretera nacional de norte a sur km se mantiene cerrado carril por trabajos de accidente vial entre veh√≠culos no se reportan personas lesionadas protecci√≥n civil montemorelos en el lugar seguimos informando,46,4,1,1,https://twitter.com/PC_NuevoLeon/status/1803544652294898169#m,"['https://pbs.twimg.com/media/GQd6TKMaIAMPfBU.jpg', 'https://pbs.twimg.com/media/GQd6TMiaYAA9wIC.jpg', 'https://pbs.twimg.com/media/GQd6TSZaIAEDIKH.jpg']",,
@TodosSomosHLM,Hacienda Los Morales,"Apr 26, 2024 ¬∑ 4:10 PM UTC",peligro por eso suceden los accidentes reportan unidad de cervezamodelomx que transita cuadras en sentido contrario en av mario j montemayor hacienda los morales san nicol√°s vecinos reportan que siempre lo hace atenci√≥n movilidadsn danielcarrillo,88,36,11,3,https://twitter.com/TodosSomosHLM/status/1783891384627318865#m,,['https://video.twimg.com/ext_tw_video/1783891333825921024/pu/pl/bDMr_gf6MorF8Rmu.m3u8?tag=12'],
@AtentosMTYSur,Atentos Mty Sur ¬°vecinos en acci√≥n!,"Jun 18, 2024 ¬∑ 9:38 PM UTC",tr√°fico complicado en carretera nacional en ambos sentidos el tr√°fico de sur a nte llega hasta el heb del uro se produce por un accidente poco antes de lagos del bosque y afecta la vialidad de antiguo camino a villa de santiago sspcmonterrey,21,6,3,2,https://twitter.com/AtentosMTYSur/status/1803180389890146469#m,"['https://pbs.twimg.com/media/GQYvAS_WoAE-SPD.jpg', 'https://pbs.twimg.com/media/GQYvAUEWgAA0xC_.jpg']",,
@AtentosMTYSur,Atentos Mty Sur ¬°vecinos en acci√≥n!,"Jun 18, 2024 ¬∑ 7:42 PM UTC",reportan trafico lento en carretera nacional de sur a norte por accidente poco antes de gilsa precauci√≥n al circular por la zona sspcmonterrey gncarreteras cnacgn,4,0,2,0,https://twitter.com/AtentosMTYSur/status/1803151221383110711#m,"['https://pbs.twimg.com/media/GQYUee9XkAEf4U_.jpg', 'https://pbs.twimg.com/media/GQYUee_XcAETuMU.jpg']",,
@AtentosMTYSur,Atentos Mty Sur ¬°vecinos en acci√≥n!,"Jun 18, 2024 ¬∑ 6:37 PM UTC",reportan un accidente m√∫ltiple al parecer tres autos involucrados en garza sada de sur a norte a la altura del autozone en carril de alta precauci√≥n al circular por la zona sspcmonterrey,3,0,1,0,https://twitter.com/AtentosMTYSur/status/1803135085765615980#m,,['https://video.twimg.com/ext_tw_video/1803135046745747456/pu/pl/uw7pFL9ro460poTu.m3u8?tag=12'],
@AtentosMTYSur,Atentos Mty Sur ¬°vecinos en acci√≥n!,"Jun 18, 2024 ¬∑ 4:43 PM UTC",reportan cierre parcial por un accidente en cervera del r√≠o detr√°s de plaza esfera en direcci√≥n hacia la carretera nacional evite la zona y busque alternativas sspcmonterrey,17,2,3,0,https://twitter.com/AtentosMTYSur/status/1803106175027720655#m,['https://pbs.twimg.com/media/GQXrge7XEAAcOnD.jpg'],,
@AtentosMTYSur,Atentos Mty Sur ¬°vecinos en acci√≥n!,"Jun 6, 2024 ¬∑ 6:57 PM UTC",reportan accidente en garza sada de nte a sur carril central dos veh√≠culos a la altura de burger king poco despu√©s del pas√≥ a desnivel de luis elizondo precauci√≥n al circular por la zona sspcmonterrey,8,4,0,0,https://twitter.com/AtentosMTYSur/status/1798791403356778687#m,"['https://pbs.twimg.com/media/GPaXP3mWUAAbh3v.jpg', 'https://pbs.twimg.com/media/GPaXP50aEAAZrXc.jpg']",,
@AtentosMTYSur,Atentos Mty Sur ¬°vecinos en acci√≥n!,"Jun 5, 2024 ¬∑ 9:34 PM UTC",reportan trafico lento en garza sada de nte a sur por accidente en carril central poco antes de walmart las torres precauci√≥n al circular por la zona sspcmonterrey,6,1,0,0,https://twitter.com/AtentosMTYSur/status/1798468551445242165#m,"['https://pbs.twimg.com/media/GPVxncXbwAEEgqS.jpg', 'https://pbs.twimg.com/media/GPVxneMaUAATCI7.jpg']",,
@AtentosMTYSur,Atentos Mty Sur ¬°vecinos en acci√≥n!,"Jun 5, 2024 ¬∑ 8:30 PM UTC",reportan un accidente en garza sada y alfonso reyes sobre la lateral frente a la plaza contry precauci√≥n al circular por la zona sspcmonterrey,14,2,0,0,https://twitter.com/AtentosMTYSur/status/1798452339495637449#m,"['https://pbs.twimg.com/media/GPVi3vnaIAAI5rP.jpg', 'https://pbs.twimg.com/media/GPVi30ZaMAA4JbF.jpg']",,
@AtentosMTYSur,Atentos Mty Sur ¬°vecinos en acci√≥n!,"Jun 1, 2024 ¬∑ 5:57 PM UTC",accidente por alcance en garza sada de sur a norte a la altura de pletorico en carril de alta precauci√≥n al circular por la zona sspcmonterrey,9,3,1,0,https://twitter.com/AtentosMTYSur/status/1796964321546686614#m,"['https://pbs.twimg.com/media/GPAZhpcbAAA_rU2.jpg', 'https://pbs.twimg.com/media/GPAZhuraUAAMXCF.jpg']",,
@AtentosMTYSur,Atentos Mty Sur ¬°vecinos en acci√≥n!,"May 28, 2024 ¬∑ 10:32 PM UTC",reportan un accidente en garza sada de sur a norte a la altura de fuerza civil dos carriles comprometidos precauci√≥n al circular por la zona sspcmonterrey,20,3,9,2,https://twitter.com/AtentosMTYSur/status/1795583967124705732#m,"['https://pbs.twimg.com/media/GOsyGe8bcAM_K-j.jpg', 'https://pbs.twimg.com/media/GOsyGe4bcAkw02Y.jpg', 'https://pbs.twimg.com/media/GOsyGlJbcAYt_3t.jpg']",,
@AtentosMTYSur,Atentos Mty Sur ¬°vecinos en acci√≥n!,"May 25, 2024 ¬∑ 10:23 PM UTC",reportan accidente fuerte en carretera nacional de nte a sur a la altura de la plaza omnia dos carriles comprometidos precauci√≥n al circular por la zona permita el paso a las unidades de auxilio pcnuevoleon gncarreteras cnacgn,41,7,2,1,https://twitter.com/AtentosMTYSur/status/1794494406273212564#m,,['https://video.twimg.com/ext_tw_video/1794494395917729793/pu/pl/q9JW8cYfX8dtyyd0.m3u8?tag=12'],
@AtentosMTYSur,Atentos Mty Sur ¬°vecinos en acci√≥n!,"May 25, 2024 ¬∑ 2:58 AM UTC",reportan trafico lento por accidente grave en l√°zaro cardenas al oriente a la altura de la ladrillera al parecer se trata de un motociclista precauci√≥n al circular por la zona sspcmonterrey,8,1,1,0,https://twitter.com/AtentosMTYSur/status/1794201451373404315#m,"['https://pbs.twimg.com/media/GOZItkHW8AAGHbp.jpg', 'https://pbs.twimg.com/media/GOZItkwXYAAV_kM.jpg', 'https://pbs.twimg.com/media/GOZItllWQAAi34o.jpg']",,
@AtentosMTYSur,Atentos Mty Sur ¬°vecinos en acci√≥n!,"May 24, 2024 ¬∑ 11:00 PM UTC",reportan un accidente en alfonso reyes a la altura de avenida las musas en contry tesoro en direcci√≥n de revoluci√≥n a garza sada frente al seven precauci√≥n al circular por la zona sspcmonterrey,6,1,1,0,https://twitter.com/AtentosMTYSur/status/1794141500428759160#m,['https://pbs.twimg.com/media/GOYSL93aEAAGW-0.jpg'],,
@AtentosMTYSur,Atentos Mty Sur ¬°vecinos en acci√≥n!,"May 21, 2024 ¬∑ 8:52 PM UTC",reportan accidente en avenida estanzuela poco despu√©s de soriana sspcmonterrey,1,0,0,0,https://twitter.com/AtentosMTYSur/status/1793022020373934370#m,"['https://pbs.twimg.com/media/GOIYBi_WsAAOjUM.jpg', 'https://pbs.twimg.com/media/GOIYBknWIAAUE6b.jpg']",,
@AtentosMTYSur,Atentos Mty Sur ¬°vecinos en acci√≥n!,"May 21, 2024 ¬∑ 12:08 AM UTC",accidente en carretera nacional a la altura del faisan frente a la iglesia san gerardo el camion de carga con las varillas se queda sin la llanta trasera solo un carril disponible en direcci√≥n a santiago precauci√≥n al circular por la zona gncarreteras cnacgn,6,0,1,0,https://twitter.com/AtentosMTYSur/status/1792708940486304026#m,['https://pbs.twimg.com/media/GOD7R7xW8AAQRmR.jpg'],,
@AtentosMTYSur,Atentos Mty Sur ¬°vecinos en acci√≥n!,"May 20, 2024 ¬∑ 8:24 PM UTC",accidente por alcance en ca√±√≥n del huajuco y antiguo camino a villa de santiago en la zona de la estanzuela de ser posible evite la zona precauci√≥n al circular por la zona sspcmonterrey,2,0,0,0,https://twitter.com/AtentosMTYSur/status/1792652747034001588#m,"['https://pbs.twimg.com/media/GODILE0XsAAQ83l.jpg', 'https://pbs.twimg.com/media/GODILDkWMAArpup.jpg']",,
@AtentosMTYSur,Atentos Mty Sur ¬°vecinos en acci√≥n!,"May 15, 2024 ¬∑ 8:08 PM UTC",reportan accidente en garza sada de sur a norte frente a pletorico reportan dos carriles comprometidos precauci√≥n al circular por la zona sspcmonterrey,15,4,6,0,https://twitter.com/AtentosMTYSur/status/1790836689688055887#m,"['https://pbs.twimg.com/media/GNpUenlWoAEC484.jpg', 'https://pbs.twimg.com/media/GNpUen2W0AA6qhJ.jpg', 'https://pbs.twimg.com/media/GNpUepuWoAAQtq6.jpg']",,
@AtentosMTYSur,Atentos Mty Sur ¬°vecinos en acci√≥n!,"May 8, 2024 ¬∑ 9:31 PM UTC",reportan un accidente en garza sada de sur a norte frente a parque canoas precauci√≥n al circular por la zona sspcmonterrey,10,1,1,0,https://twitter.com/AtentosMTYSur/status/1788320915450696039#m,"['https://pbs.twimg.com/media/GNFkZSmW8AALg_V.jpg', 'https://pbs.twimg.com/media/GNFkZU-W8AEaEzF.jpg']",,
@AtentosMTYSur,Atentos Mty Sur ¬°vecinos en acci√≥n!,"May 8, 2024 ¬∑ 8:56 PM UTC",reportan accidente en garza sada de sur a norte frente a pletorico carril de alta precauci√≥n al circular por la zona sspcmonterrey,9,3,2,0,https://twitter.com/AtentosMTYSur/status/1788311978588393529#m,['https://pbs.twimg.com/media/GNFcRH4WgAA2hLk.jpg'],,
@AtentosMTYSur,Atentos Mty Sur ¬°vecinos en acci√≥n!,"May 8, 2024 ¬∑ 4:48 PM UTC",reportan un accidente grave en carretera nacional a la altura del yerbaniz de sur a norte permita el paso a las unidades de auxilio precauci√≥n al circular por la zona gncarreteras cnacgn pcnuevoleon,61,20,1,0,https://twitter.com/AtentosMTYSur/status/1788249643601535175#m,,['https://video.twimg.com/ext_tw_video/1788249631014436864/pu/pl/p_6z1H1B3Pscs8h9.m3u8?tag=12'],
@AtentosMTYSur,Atentos Mty Sur ¬°vecinos en acci√≥n!,"May 7, 2024 ¬∑ 9:04 PM UTC",reportan accidente menor en garza sada de sur a norte en carril de baja poco antes de la intersecci√≥n al cruce de heb y soriana estanzuela precauci√≥n al circular por la zona sspcmonterrey,3,0,0,0,https://twitter.com/AtentosMTYSur/status/1787951663422022088#m,"['https://pbs.twimg.com/media/GNAUj9eXoAAsCfN.jpg', 'https://pbs.twimg.com/media/GNAUj-tXwAAp4Xl.jpg']",,
@AtentosMTYSur,Atentos Mty Sur ¬°vecinos en acci√≥n!,"May 6, 2024 ¬∑ 10:30 PM UTC",reportan un accidente con un motociclista en garza sada de sur a norte en carril de alta a la altura de autozone poco antes de lagos del bosque precauci√≥n al circular por la zona sspcmonterrey,9,0,0,0,https://twitter.com/AtentosMTYSur/status/1787610902620946566#m,,['https://video.twimg.com/ext_tw_video/1787610879829176320/pu/pl/-EeqfitaQYTcAApT.m3u8?tag=12'],
@AtentosMTYSur,Atentos Mty Sur ¬°vecinos en acci√≥n!,"May 3, 2024 ¬∑ 8:50 PM UTC",reportan un accidente en antiguo camino a villa de santiago y carteros colonia granja postal de sur a norte precauci√≥n al circular por la zona sspcmonterrey,4,2,0,0,https://twitter.com/AtentosMTYSur/status/1786498567810564242#m,"['https://pbs.twimg.com/media/GMrq-t4WIAE5Vhm.jpg', 'https://pbs.twimg.com/media/GMrq-vXWUAAdEjv.jpg']",,
@Apodaca_News,APODACA NEWS,"Jun 21, 2024 ¬∑ 3:24 AM UTC",ante las inundaciones en la ciudad el transmetro se suspende en sectores de apodaca,7,1,0,0,https://twitter.com/Apodaca_News/status/1803992484285919520#m,,,
@jaimeromanjr,Jaime Sanchez,"Jun 20, 2024 ¬∑ 4:13 PM UTC",buenos d√≠as pas√© por concordia entre av e sexta hasta antiguo camino santa rosa y todo est√° bien no hay inundaci√≥n,12,1,0,0,https://twitter.com/jaimeromanjr/status/1803823521958887433#m,,,
@GobSanNicolas,Gobierno de San Nicol√°s,"Jun 21, 2024 ¬∑ 5:09 AM UTC",av universidad tapia a la altura de estaci√≥n del metro tapia inundaci√≥n media arroyo la talaverana a la altura de la col blas chumacera y talaverana inundaci√≥n media,1,2,1,0,https://twitter.com/GobSanNicolas/status/1804018851178307869#m,,,
@mtygob,Gobierno Monterrey,"Jun 21, 2024 ¬∑ 2:51 AM UTC",cierres a la vialidad por inundaciones hasta el momento zona sur camino al mirador y lazaro cardenas parque canoas antiguo camino a villa de santiago y avenida la hacienda antiguo camino a villa de santiago y santa anita,70,15,1,0,https://twitter.com/mtygob/status/1803983994243158135#m,,,
@GobSanNicolas,Gobierno de San Nicol√°s,"Jun 21, 2024 ¬∑ 4:39 AM UTC",cruces en zonas de riesgo juan pablo ii cristina larralde inundaci√≥n media las puentes cristina larralde inundaci√≥n media,2,1,0,0,https://twitter.com/GobSanNicolas/status/1804011246468870161#m,,,
@GobSanNicolas,Gobierno de San Nicol√°s,"Jun 21, 2024 ¬∑ 4:40 AM UTC",av universidad tapia a la altura de estaci√≥n del metro tapia inundaci√≥n media arroyo la talaverana a la altura de la col blas chumacera y talaverana inundaci√≥n media,0,1,1,0,https://twitter.com/GobSanNicolas/status/1804011397203866010#m,,,
@GobSanNicolas,Gobierno de San Nicol√°s,"Jun 21, 2024 ¬∑ 2:37 AM UTC",cruces en zonas de riesgo juan pablo ii cristina larralde inundaci√≥n media las puentes cristina larralde inundaci√≥n media,2,3,0,0,https://twitter.com/GobSanNicolas/status/1803980632915071025#m,,,
@GobSanNicolas,Gobierno de San Nicol√°s,"Jun 21, 2024 ¬∑ 2:38 AM UTC",juan pablo ii cristina larralde y san nicol√°s inundaci√≥n media av manuel l barrag√°n desde sendero hasta fidel vzz inundaci√≥n media av l√≥pez mateos en sus cruces con privada l√≥pez mateos y fundidores inundaci√≥n media,3,3,0,0,https://twitter.com/GobSanNicolas/status/1803980707024273897#m,,,
@GobSanNicolas,Gobierno de San Nicol√°s,"Jun 21, 2024 ¬∑ 2:38 AM UTC",av universidad tapia a la altura de estaci√≥n del metro tapia inundaci√≥n media arroyo la talaverana a la altura de la col blas chumacera y talaverana inundaci√≥n media,2,3,0,0,https://twitter.com/GobSanNicolas/status/1803980752251420706#m,,,
@GobSanNicolas,Gobierno de San Nicol√°s,"Jun 20, 2024 ¬∑ 10:19 PM UTC",av l√≥pez mateos en sus cruces con privada l√≥pez mateos y fundidores inundaci√≥n alta av universidad tapia a la altura de estaci√≥n del metro tapia inundaci√≥n alta arroyo la talaverana a la altura de la col blas chumacera y talaverana inundaci√≥n media,1,2,0,0,https://twitter.com/GobSanNicolas/status/1803915557483221462#m,,,
@GobSanNicolas,Gobierno de San Nicol√°s,"Jun 20, 2024 ¬∑ 10:18 PM UTC",cruces en zonas de riesgo juan pablo ii cristina larralde inundaci√≥n media las puentes cristina larralde inundaci√≥n baja juan pablo ii cristina larralde y san nicol√°s inundaci√≥n baja av manuel l barrag√°n desde sendero hasta fidel vzz inundaci√≥n media,4,2,1,0,https://twitter.com/GobSanNicolas/status/1803915439635878339#m,,,
@DarkKnightMty,DarkKnightMty,"Jun 20, 2024 ¬∑ 8:49 PM UTC",vasconcelos cerrado por inundaci√≥n frente a plaza tanarah s√≠ ah√≠ donde a pesar de hacer una reparaci√≥n pluvial nom√°s no se puede con ese constante problema cada que llueve monterrey spgg alberto,470,69,8,0,https://twitter.com/DarkKnightMty/status/1803893063758074073#m,,['https://video.twimg.com/ext_tw_video/1803893046532067328/pu/pl/TCUnPDgEQ2jOJ2PX.m3u8?tag=12'],
@GobSanNicolas,Gobierno de San Nicol√°s,"Jun 20, 2024 ¬∑ 7:24 PM UTC",cruces en zonas de riesgo juan pablo ii cristina larralde inundaci√≥n media las puentes cristina larralde inundaci√≥n baja juan pablo ii cristina larralde y san nicol√°s inundaci√≥n media av manuel l barrag√°n desde sendero hasta fidel vzz inundaci√≥n media,10,9,1,0,https://twitter.com/GobSanNicolas/status/1803871532743082285#m,,,
@telediariomty,@telediariomty,"Dec 7, 2023 ¬∑ 2:26 AM UTC",el incendio de un veh√≠culo provocado por un accidente vial se registr√≥ la noche de este mi√©rcoles en el carril expr√©s de la avenida constituci√≥n a la transitada avenida acudieron bomberos quienes sofocaron el incendio en su totalidad,18,4,0,0,https://twitter.com/telediariomty/status/1732587296455578000#m,,['https://video.twimg.com/amplify_video/1732587111834935297/pl/NVEGFdE-XlSwkEq6.m3u8?tag=14'],
@jjsolisher,JÕÅjÕÅ S·¥è ü…™ÃÅs ú·¥á Ä üá≤üáΩ,"Jun 20, 2024 ¬∑ 8:20 PM UTC",ya vieron la importancia de preservar la vegetaci√≥n del r√≠o santa catarina ahora si ya entendieron que no son simples hiervas ya se dieron cuenta como los √°rboles gu√≠an la corriente contienen la erosi√≥n y evitan las inundaciones salvemoselr√≠osantacatarina,4497,867,102,37,https://twitter.com/jjsolisher/status/1803885708165206232#m,"['https://pbs.twimg.com/media/GQiwfaFWEAAI90N.jpg', 'https://pbs.twimg.com/media/GQiwfatXAAAHt_W.jpg', 'https://pbs.twimg.com/media/GQiwfbXXAAAxHFf.jpg', 'https://pbs.twimg.com/media/GQiwfgjXgAA4qDY.jpg']",,
@DarkKnightMty,DarkKnightMty,"Jun 20, 2024 ¬∑ 8:49 PM UTC",vasconcelos cerrado por inundaci√≥n frente a plaza tanarah s√≠ ah√≠ donde a pesar de hacer una reparaci√≥n pluvial nom√°s no se puede con ese constante problema cada que llueve monterrey spgg alberto,470,69,8,0,https://twitter.com/DarkKnightMty/status/1803893063758074073#m,,['https://video.twimg.com/ext_tw_video/1803893046532067328/pu/pl/TCUnPDgEQ2jOJ2PX.m3u8?tag=12'],
@MAGS_SP,MAGS_SP,"Jun 20, 2024 ¬∑ 8:46 PM UTC",el √∫ltimo aviso de este sistema alberto norestedem√©xixo remanente de alberto la circulaci√≥n se ha disipado contin√∫an fuertes lluvias e inundaciones en el noreste de m√©xico,11,1,0,0,https://twitter.com/MAGS_SP/status/1803892289770786963#m,,,
@saz2000,Alejandro Zu√±iga/Bomberos NL,"Jun 13, 2024 ¬∑ 7:19 PM UTC",buenas tardes bomberos nl estaciones y central en coordinaci√≥n con sanpedro atendemos reporte de accidente vial volcadura e incendio cami√≥n de volteo en la colonia valle de san √°ngel spgg cezaargarza annaannaz,17,4,0,1,https://twitter.com/saz2000/status/1801333644872597898#m,['https://pbs.twimg.com/media/GP-fYXKWgAA48BH.jpg'],,
@cesarmty,C√©sar Cepeda,"Jun 20, 2024 ¬∑ 7:49 PM UTC",ya no podemos hacer nada es demasiada el agua un vecino se lamenta por la inundaci√≥n de su casa por las lluvias que trajo el paso de la tormenta tropical alberto por nuevo le√≥n,675,147,134,25,https://twitter.com/cesarmty/status/1803877845539713182#m,,['https://video.twimg.com/ext_tw_video/1803877473588764674/pu/vid/avc1/480x848/0E8rBrFjDt8ZRWy1.mp4?tag=12'],
@cesarmty,C√©sar Cepeda,"Jun 21, 2024 ¬∑ 3:55 AM UTC",ultimahora una familia que estaba atrapada en su vivienda dentro del ca√±√≥n de la huasteca en santa catarina con riesgo de inundaci√≥n por las lluvias de alberto fue rescatada por elementos de fuerzacivilnl con el helic√≥ptero blackhawk nuevoleon,135,28,8,3,https://twitter.com/cesarmty/status/1804000192766616026#m,,['https://video.twimg.com/ext_tw_video/1803999497535488001/pu/vid/avc1/1280x720/bbLPfdxfT7nxUXcr.mp4?tag=12'],
@mtygob,Gobierno Monterrey,"Jun 21, 2024 ¬∑ 2:51 AM UTC",cierres a la vialidad por inundaciones hasta el momento zona sur camino al mirador y lazaro cardenas parque canoas antiguo camino a villa de santiago y avenida la hacienda antiguo camino a villa de santiago y santa anita,70,15,1,0,https://twitter.com/mtygob/status/1803983994243158135#m,,,
@DarkKnightMty,DarkKnightMty,"Jun 20, 2024 ¬∑ 9:22 PM UTC",cerrado heberto castillo por inundaci√≥n por la col vi√±edos en santa catarina monterrey alberto,52,7,0,0,https://twitter.com/DarkKnightMty/status/1803901348729020718#m,,['https://video.twimg.com/ext_tw_video/1803901319255560192/pu/vid/avc1/636x848/Lybt4_39SLxO1QGJ.mp4?tag=12'],
@DarkKnightMty,DarkKnightMty,"Jun 20, 2024 ¬∑ 9:19 PM UTC",lamento mucho que didifoodmx didimexico est√© motivando a sus repartidores a salir a exponer sus vidas con todo y las inundaciones ellos no responder√°n por la vida de sus repartidores que ni siquiera tienen prestaciones de ley monterrey alberto,81,24,9,3,https://twitter.com/DarkKnightMty/status/1803900379685408924#m,['https://pbs.twimg.com/media/GQi91f2WQAAiPPF.jpg'],,
@DarkKnightMty,DarkKnightMty,"Jun 20, 2024 ¬∑ 8:49 PM UTC",vasconcelos cerrado por inundaci√≥n frente a plaza tanarah s√≠ ah√≠ donde a pesar de hacer una reparaci√≥n pluvial nom√°s no se puede con ese constante problema cada que llueve monterrey spgg alberto,470,69,8,0,https://twitter.com/DarkKnightMty/status/1803893063758074073#m,,['https://video.twimg.com/ext_tw_video/1803893046532067328/pu/vid/avc1/848x474/c897FXoWicEaFOZT.mp4?tag=12'],
@cesarmty,C√©sar Cepeda,"Jun 19, 2024 ¬∑ 1:56 AM UTC",pregunta hay que mandar un mensaje para concientizar a la ciudadan√≠a de los riesgos por inundaciones el alcalde de reynosa tamaulipas nuevoleon,436,96,36,27,https://twitter.com/cesarmty/status/1803245453506417114#m,,['https://video.twimg.com/ext_tw_video/1803244404238372864/pu/vid/avc1/720x1280/hUYCmg2MUXRh7wLi.mp4?tag=12'],
@SkyAlertStorm,SkyAlert Storm,"Jun 19, 2024 ¬∑ 7:44 PM UTC",lluvias e inundaciones en texas durante esta ma√±ana se registraron lluvias fuertes en el estado sure√±o de estados unidos este evento tiene origen en las bandas nubosas del cicl√≥ntropical alberto que a pesar de no tener trayectoria hacia eeuu sus vientos,349,69,3,2,https://twitter.com/SkyAlertStorm/status/1803514209981944233#m,,['https://video.twimg.com/ext_tw_video/1803512839887286272/pu/vid/avc1/480x864/FbVxKCHtIq6jozys.mp4?tag=12'],
@DarkKnightMty,DarkKnightMty,"Jun 20, 2024 ¬∑ 9:22 PM UTC",cerrado heberto castillo por inundaci√≥n por la col vi√±edos en santa catarina monterrey alberto,52,7,0,0,https://twitter.com/DarkKnightMty/status/1803901348729020718#m,,['https://video.twimg.com/ext_tw_video/1803901319255560192/pu/vid/avc1/636x848/Lybt4_39SLxO1QGJ.mp4?tag=12'],
@DarkKnightMty,DarkKnightMty,"Jun 20, 2024 ¬∑ 9:19 PM UTC",lamento mucho que didifoodmx didimexico est√© motivando a sus repartidores a salir a exponer sus vidas con todo y las inundaciones ellos no responder√°n por la vida de sus repartidores que ni siquiera tienen prestaciones de ley monterrey alberto,81,24,9,3,https://twitter.com/DarkKnightMty/status/1803900379685408924#m,['https://pbs.twimg.com/media/GQi91f2WQAAiPPF.jpg'],,
@DarkKnightMty,DarkKnightMty,"Jun 20, 2024 ¬∑ 8:49 PM UTC",vasconcelos cerrado por inundaci√≥n frente a plaza tanarah s√≠ ah√≠ donde a pesar de hacer una reparaci√≥n pluvial nom√°s no se puede con ese constante problema cada que llueve monterrey spgg alberto,470,69,8,0,https://twitter.com/DarkKnightMty/status/1803893063758074073#m,,['https://video.twimg.com/ext_tw_video/1803893046532067328/pu/pl/TCUnPDgEQ2jOJ2PX.m3u8?tag=12'],
@DarkKnightMty,DarkKnightMty,"Jun 20, 2024 ¬∑ 9:22 PM UTC",cerrado heberto castillo por inundaci√≥n por la col vi√±edos en santa catarina monterrey alberto,52,7,0,0,https://twitter.com/DarkKnightMty/status/1803901348729020718#m,,['https://video.twimg.com/ext_tw_video/1803901319255560192/pu/pl/FVy8wzUy5SEEo7iH.m3u8?tag=12'],
@cesarmty,C√©sar Cepeda,"Jun 21, 2024 ¬∑ 3:55 AM UTC",ultimahora una familia que estaba atrapada en su vivienda dentro del ca√±√≥n de la huasteca en santa catarina con riesgo de inundaci√≥n por las lluvias de alberto fue rescatada por elementos de fuerzacivilnl con el helic√≥ptero blackhawk nuevoleon,135,28,8,3,https://twitter.com/cesarmty/status/1804000192766616026#m,,['https://video.twimg.com/ext_tw_video/1803999497535488001/pu/pl/YpXFzWB7u327PEJL.m3u8?tag=12'],
@cesarmty,C√©sar Cepeda,"Jun 20, 2024 ¬∑ 10:29 PM UTC",actualizacion el paso de la tormenta tropical alberto por nuevo le√≥n dej√≥ fuertes cantidades de agua en el estado pero tambi√©n inundaciones da√±os en la infraestructura y lamentablemente p√©rdidas humanas ac√° uncon lo √∫ltimo de la informaci√≥n sobre este sistema,33,10,5,0,https://twitter.com/cesarmty/status/1803918072203354556#m,['https://pbs.twimg.com/media/GQjNNdRX0AAHLKV.jpg'],,
@cesarmty,C√©sar Cepeda,"Jun 20, 2024 ¬∑ 8:50 PM UTC",importante el tecdemonterrey asegura que har√° las adecuaciones necesarias para entregar la casa del tec que sufri√≥ inundaciones por las lluvias de alberto en excelente estado a su ganador nuevoleon monterrey santacatarina,36,16,19,2,https://twitter.com/cesarmty/status/1803893154698899705#m,['https://pbs.twimg.com/media/GQi2td_XgAAmRxo.jpg'],,
@cesarmty,C√©sar Cepeda,"Jun 20, 2024 ¬∑ 8:27 PM UTC",importante el inmueble que presenta inundaciones es la casa del tec ubicada en valle poniente en santa catarina nuevo le√≥n por las lluvias de la tormenta alberto,55,6,6,1,https://twitter.com/cesarmty/status/1803887478191067213#m,,,
@cesarmty,C√©sar Cepeda,"Jun 20, 2024 ¬∑ 7:49 PM UTC",ya no podemos hacer nada es demasiada el agua un vecino se lamenta por la inundaci√≥n de su casa por las lluvias que trajo el paso de la tormenta tropical alberto por nuevo le√≥n,675,147,134,25,https://twitter.com/cesarmty/status/1803877845539713182#m,,['https://video.twimg.com/ext_tw_video/1803877473588764674/pu/pl/UCh3jbYanU6zOYKv.m3u8?tag=12'],
@911SanPedro,Rescate 911 San Pedro,"Jun 18, 2024 ¬∑ 2:24 AM UTC",precauci√≥n sobre blvd diaz ordaz y av corregidora unidades atienden el reporte de un accidente vial en el cual participa un veh√≠culo y el tren spgg pcsp,25,7,1,0,https://twitter.com/911SanPedro/status/1802890088482791504#m,['https://pbs.twimg.com/media/GQUm-piXkAE92Dj.jpg'],,
@911SanPedro,Rescate 911 San Pedro,"Jun 17, 2024 ¬∑ 10:46 PM UTC",precauci√≥n sobre la av bosques del valle pteote y bosques de tahiti unidades atienden el reporte de un accidente vial tipo volcadura cerrada la circulaci√≥n sobre la av bosques del valle spgg pcsp,37,8,2,1,https://twitter.com/911SanPedro/status/1802835319080821247#m,['https://pbs.twimg.com/media/GQT1IenXkAAtqbh.jpg'],,
@911SanPedro,Rescate 911 San Pedro,"Jun 17, 2024 ¬∑ 2:30 AM UTC",precauci√≥n sobre blvd diaz ordaz y calle oro unidades atienden el reporte de un fuerte accidente vial con personas lesionadas spgg pcsp,7,4,0,0,https://twitter.com/911SanPedro/status/1802529203939602869#m,,,
@911SanPedro,Rescate 911 San Pedro,"Jun 16, 2024 ¬∑ 12:12 AM UTC",nos encontramos atendiendo junto a bomberosnl el reporte de un accidente e incendio de una motocicleta sobre la av l√°zaro c√°rdenas y av g√≥mez morin spgg pcsp,17,5,0,0,https://twitter.com/911SanPedro/status/1802132007926841672#m,['https://pbs.twimg.com/media/GQJ1gvjW0AA_38z.jpg'],,
@911SanPedro,Rescate 911 San Pedro,"Jun 15, 2024 ¬∑ 8:08 PM UTC",precauci√≥n sobre calzada del valle pteote y r√≠o t√°mesis unidades atienden el reporte de un accidente vial con personas lesionadas spgg pcsp,10,2,0,1,https://twitter.com/911SanPedro/status/1802070647448744191#m,['https://pbs.twimg.com/media/GQI9tEpWYAApDqL.jpg'],,
@911SanPedro,Rescate 911 San Pedro,"Jun 13, 2024 ¬∑ 6:55 PM UTC",precauci√≥n sobre la av valle de san √°ngel y calle janitzio unidades atienden el reporte de accidente vial tipo volcadura de un cami√≥n de volteo unidades trabajando en el lugar vialidad cerrada en ambos sentidos spgg pcsp,11,3,0,1,https://twitter.com/911SanPedro/status/1801327615992799403#m,"['https://pbs.twimg.com/media/GP-Z41WXoAAUWRX.jpg', 'https://pbs.twimg.com/media/GP-Z43mW0AApgS9.jpg']",,
@911SanPedro,Rescate 911 San Pedro,"Jun 8, 2024 ¬∑ 8:15 PM UTC",precauci√≥n sobre la av morones prieto otepte y av jos√© vasconcelos unidades atienden el reporte de un accidente vial con personas lesionadas spgg pcsp,12,3,0,0,https://twitter.com/911SanPedro/status/1799535810061938804#m,,,
@911SanPedro,Rescate 911 San Pedro,"Jun 3, 2024 ¬∑ 1:25 PM UTC",precauci√≥n sobre la av l√°zaro c√°rdenas pteote y paseo olga unidades atienden el reporte de un accidente vial tipo volcadura tr√°fico presente en la zona spgg pcsp,12,4,0,0,https://twitter.com/911SanPedro/status/1797620503013929317#m,['https://pbs.twimg.com/media/GPJuUhhXUAA6sqb.jpg'],,
@911SanPedro,Rescate 911 San Pedro,"Jun 2, 2024 ¬∑ 6:20 PM UTC",precauci√≥n sobre la av g√≥mez morin y r√≠o p√°nuco unidades atienden el reporte de un accidente vial con personas lesionadas tr√°fico presente en la zona spgg pcsp,10,3,1,0,https://twitter.com/911SanPedro/status/1797332353527828852#m,,,
@911SanPedro,Rescate 911 San Pedro,"May 28, 2024 ¬∑ 10:41 PM UTC",precauci√≥n sobre la av jos√© vasconcelos otepte y r√≠o bravo unidades atienden el reporte de un accidente vial spgg pcsp,5,1,0,0,https://twitter.com/911SanPedro/status/1795586123949109507#m,['https://pbs.twimg.com/media/GOs0EFqW4AAnUmR.jpg'],,
@911SanPedro,Rescate 911 San Pedro,"May 25, 2024 ¬∑ 4:25 AM UTC",precauci√≥n sobre calzada del valle otepte y r√≠o tamazunchale unidades brindan atenci√≥n a una persona lesionada por accidente vial spgg pcsp,11,3,0,1,https://twitter.com/911SanPedro/status/1794223304397783268#m,['https://pbs.twimg.com/media/GOZcllfWgAA7mcJ.jpg'],,
@911SanPedro,Rescate 911 San Pedro,"May 21, 2024 ¬∑ 9:21 PM UTC",precauci√≥n sobre la av jos√© vasconcelos pteote y juan i ram√≥n unidades atienden el reporte de un accidente vial con personas lesionadas spgg pcsp,6,2,0,1,https://twitter.com/911SanPedro/status/1793029267002958024#m,['https://pbs.twimg.com/media/GOIelGaXkAAXyQb.jpg'],,
@911SanPedro,Rescate 911 San Pedro,"May 11, 2024 ¬∑ 5:56 PM UTC",cierre de vialidad debido al fuerte accidente vial se realiza cierre de la av g√≥mez morin norte a sur y general trevi√±o spgg pcsp,19,12,0,2,https://twitter.com/911SanPedro/status/1789353873628397641#m,,,
@911SanPedro,Rescate 911 San Pedro,"May 11, 2024 ¬∑ 5:54 PM UTC",precauci√≥n sobre la av gomez morin y av roberto garza sada unidades atienden el reporte de un accidente vial en el cual participan varios veh√≠culos spgg pcsp,33,5,0,1,https://twitter.com/911SanPedro/status/1789353279605866960#m,,['https://video.twimg.com/ext_tw_video/1789353255014653952/pu/pl/m-8PPvQlzx0xXwAE.m3u8?tag=12'],
@911SanPedro,Rescate 911 San Pedro,"May 10, 2024 ¬∑ 7:55 PM UTC",precauci√≥n sobre la calle r√≠o sena y av humberto lobo unidades atienden el reporte de un accidente vial con personas lesionadas spgg pcsp,7,0,0,0,https://twitter.com/911SanPedro/status/1789021563116830994#m,['https://pbs.twimg.com/media/GNPhoRPbcAApgo1.jpg'],,
@SSPCMonterrey,Seguridad y Protecci√≥n a la Ciudadan√≠a Monterrey,"Jun 20, 2024 ¬∑ 6:40 PM UTC",se cierran los carriles expr√©s de la avenida constituci√≥n a la altura de venustiano carranza por un desborde del r√≠o santa catarina que ha provocado el desgajamiento en esa √°rea,28,12,1,1,https://twitter.com/SSPCMonterrey/status/1803860563669246372#m,"['https://pbs.twimg.com/media/GQiZn2NW8AMOnF3.jpg', 'https://pbs.twimg.com/media/GQiZn2YXgAAMU_V.jpg']",,
@Angel_MedellinN,Angel Medell√≠n Reportero,"Jun 20, 2024 ¬∑ 7:11 PM UTC",ciudadano graba inundaci√≥n en la avenida v√≠a tampico y constituyentes de nuevo le√≥n arualsanpedrogg juliocesarcano pcnuevoleon rayelizalder tormentaalberto tormentatropicalalberto,31,8,0,1,https://twitter.com/Angel_MedellinN/status/1803868262603853988#m,,['https://video.twimg.com/ext_tw_video/1803868208887402498/pu/pl/UOaIDPeqiGhK3fa7.m3u8?tag=12'],
@Angel_MedellinN,Angel Medell√≠n Reportero,"Jun 19, 2024 ¬∑ 3:34 AM UTC",contin√∫a la movilizaci√≥n en avenida chocolate y libramiento tras accidente de trailer con el tren escobedo accidente nmasmonterrey arualsanpedrogg rayelizalder,5,4,0,0,https://twitter.com/Angel_MedellinN/status/1803270004143485281#m,['https://pbs.twimg.com/media/GQaAgzpXUAAU5oq.jpg'],,
@Informativo3651,Informativo365,"Mar 26, 2024 ¬∑ 6:49 PM UTC",conductor de un tr√°iler muere en un aparatoso accidente vial tras impactarse con un veh√≠culo particular en dr gonz√°lez nl hasta el momento se desconoce la identidad del hombre,9,4,1,1,https://twitter.com/Informativo3651/status/1772697461598912547#m,"['https://pbs.twimg.com/media/GJni8aoWgAASxcI.jpg', 'https://pbs.twimg.com/media/GJni8bUXEAEyk7I.jpg']",,
@mtygob,Gobierno Monterrey,"Jun 21, 2024 ¬∑ 2:51 AM UTC",cierres a la vialidad por inundaciones zona centro conchello y san nicolas ruiz cortines y conchello constituci√≥n carriles ordinarios y dr coss constituci√≥n carriles ordinarios y padre mier carriles express de las avenidas moroes prieto y constituci√≥n,9,2,2,0,https://twitter.com/mtygob/status/1803984061037449586#m,,,
@elnortelocal,elnortelocal,"Jun 20, 2024 ¬∑ 8:30 PM UTC",local la casa del tec ubicada en santa catarina y que ser√° rifada este s√°bado sufre inundaciones por las lluvias de la tormenta alberto m√°s informaci√≥n en,37,13,5,1,https://twitter.com/elnortelocal/status/1803888060171718708#m,,['https://video.twimg.com/ext_tw_video/1803888007209984000/pu/pl/kdU2UaE3QVmJttZc.m3u8?tag=12'],
@Angel_MedellinN,Angel Medell√≠n Reportero,"Jun 20, 2024 ¬∑ 7:11 PM UTC",ciudadano graba inundaci√≥n en la avenida v√≠a tampico y constituyentes de nuevo le√≥n arualsanpedrogg juliocesarcano pcnuevoleon rayelizalder tormentaalberto tormentatropicalalberto,31,8,0,1,https://twitter.com/Angel_MedellinN/status/1803868262603853988#m,,['https://video.twimg.com/ext_tw_video/1803868208887402498/pu/pl/UOaIDPeqiGhK3fa7.m3u8?tag=12'],
@nmasmonterrey,N+ Monterrey,"Jun 21, 2024 ¬∑ 2:41 AM UTC",viviendas se encuentran en riesgo por inundaciones en colonia la independencia en monterrey nl,9,2,0,0,https://twitter.com/nmasmonterrey/status/1803981541665652974#m,,,
@nmasmonterrey,N+ Monterrey,"Jun 20, 2024 ¬∑ 2:46 PM UTC",corriente tira barda de bodega causa inundaci√≥n en santa catarina nl,6,0,0,0,https://twitter.com/nmasmonterrey/status/1803801550059417649#m,,,
@nmasmonterrey,N+ Monterrey,"Jun 20, 2024 ¬∑ 2:35 PM UTC",deja cuatro muertos inundaciones y cierres viales lluvias en nuevo le√≥n,8,1,0,0,https://twitter.com/nmasmonterrey/status/1803798717461393534#m,,,
@nmasmonterrey,N+ Monterrey,"Jun 20, 2024 ¬∑ 2:28 PM UTC",sufren vecinos da√±os por inundaci√≥n en col el escorial en santa catarina nl,3,0,0,0,https://twitter.com/nmasmonterrey/status/1803796991366877355#m,,,
@nmasmonterrey,N+ Monterrey,"Jun 20, 2024 ¬∑ 12:17 PM UTC",se cierra el carril expr√©s a la altura de zaragoza por desborde del r√≠o santa catarina nuevo le√≥n,16,3,0,1,https://twitter.com/nmasmonterrey/status/1803764072346697855#m,,,
@nmasmonterrey,N+ Monterrey,"Jun 20, 2024 ¬∑ 11:51 AM UTC",cierre por inundaci√≥n en ave constituci√≥n tras lluvia en monterrey nl,11,4,0,0,https://twitter.com/nmasmonterrey/status/1803757534697705581#m,,,
@nmasmonterrey,N+ Monterrey,"Jun 20, 2024 ¬∑ 1:14 AM UTC",cierran vialidad por inundaci√≥n en ave constituci√≥n y padre mier en monterrey,14,4,0,0,https://twitter.com/nmasmonterrey/status/1803597213308010779#m,,,
@ABCNoticiasMX,ABCNoticias.mx,"Jun 20, 2024 ¬∑ 1:41 PM UTC",ent√©rate golpea tormenta alberto a nuevo le√≥n el paso de la tormenta caus√≥ inundaci√≥n en avenidas de la metr√≥poli y la muerte de tres menores de edad entre m√°s da√±os,4,0,0,0,https://twitter.com/ABCNoticiasMX/status/1803785196891713603#m,,,
@ABCNoticiasMX,ABCNoticias.mx,"Jun 20, 2024 ¬∑ 1:22 PM UTC",los vecinos de la colonia el escorial tuvieron que ser desalojados de sus viviendas debido a los da√±os e inundaciones que se registran en el municipio de santa catarina redes sociales,3,0,0,0,https://twitter.com/ABCNoticiasMX/status/1803780519110283695#m,"['https://pbs.twimg.com/media/GQhQzKLXgAAIszb.jpg', 'https://pbs.twimg.com/media/GQhQ0W0XQAI1wOl.jpg', 'https://pbs.twimg.com/media/GQhQ0W0XQAE1p1B.jpg', 'https://pbs.twimg.com/media/GQhQ0WzWIAEflbS.jpg']",,
@ABCNoticiasMX,ABCNoticias.mx,"Jun 20, 2024 ¬∑ 1:18 PM UTC",los vecinos de la colonia el escorial tuvieron que ser desalojados de sus viviendas debido a los da√±os e inundaciones que se registran en el municipio de santa catarina redes sociales,76,23,4,1,https://twitter.com/ABCNoticiasMX/status/1803779352166871229#m,,['https://video.twimg.com/ext_tw_video/1803779277722103809/pu/pl/2tOSWXpDG-J5wy_Z.m3u8?tag=12'],
@ABCNoticiasMX,ABCNoticias.mx,"Jun 20, 2024 ¬∑ 1:00 PM UTC",almomento estos son los cierres por inundaci√≥n en nuevo le√≥n tras fuertes lluvias elementos de protecci√≥n civil de monterrey tr√°nsito y polic√≠a contin√∫an con los recorridos,18,4,0,1,https://twitter.com/ABCNoticiasMX/status/1803774988333252826#m,,,
@cesarmty,C√©sar Cepeda,"Jun 21, 2024 ¬∑ 3:55 AM UTC",ultimahora una familia que estaba atrapada en su vivienda dentro del ca√±√≥n de la huasteca en santa catarina con riesgo de inundaci√≥n por las lluvias de alberto fue rescatada por elementos de fuerzacivilnl con el helic√≥ptero blackhawk nuevoleon,135,28,8,3,https://twitter.com/cesarmty/status/1804000192766616026#m,,['https://video.twimg.com/ext_tw_video/1803999497535488001/pu/pl/YpXFzWB7u327PEJL.m3u8?tag=12'],
@cesarmty,C√©sar Cepeda,"Jun 20, 2024 ¬∑ 8:50 PM UTC",importante el tecdemonterrey asegura que har√° las adecuaciones necesarias para entregar la casa del tec que sufri√≥ inundaciones por las lluvias de alberto en excelente estado a su ganador nuevoleon monterrey santacatarina,36,16,19,2,https://twitter.com/cesarmty/status/1803893154698899705#m,['https://pbs.twimg.com/media/GQi2td_XgAAmRxo.jpg'],,
@GobSanNicolas,Gobierno de San Nicol√°s,"Jun 21, 2024 ¬∑ 6:09 AM UTC",av universidad tapia a la altura de estaci√≥n del metro tapia inundaci√≥n media arroyo la talaverana a la altura de la col blas chumacera y talaverana inundaci√≥n media,2,0,0,0,https://twitter.com/GobSanNicolas/status/1804034002170315089#m,,,
@GobSanNicolas,Gobierno de San Nicol√°s,"Jun 21, 2024 ¬∑ 6:09 AM UTC",av manuel l barrag√°n desde sendero hasta fidel vzz inundaci√≥n media av l√≥pez mateos en sus cruces con privada l√≥pez mateos y fundidores inundaci√≥n media,0,0,1,0,https://twitter.com/GobSanNicolas/status/1804033954913141155#m,,,
@GobSanNicolas,Gobierno de San Nicol√°s,"Jun 21, 2024 ¬∑ 6:09 AM UTC",cruces en zonas de riesgo juan pablo ii cristina larralde inundaci√≥n media las puentes cristina larralde inundaci√≥n media juan pablo ii cristina larralde y san nicol√°s inundaci√≥n media,0,1,0,0,https://twitter.com/GobSanNicolas/status/1804033883794452838#m,,,
@GobSanNicolas,Gobierno de San Nicol√°s,"Jun 21, 2024 ¬∑ 5:09 AM UTC",av universidad tapia a la altura de estaci√≥n del metro tapia inundaci√≥n media arroyo la talaverana a la altura de la col blas chumacera y talaverana inundaci√≥n media,1,2,1,0,https://twitter.com/GobSanNicolas/status/1804018851178307869#m,,,
@GobSanNicolas,Gobierno de San Nicol√°s,"Jun 21, 2024 ¬∑ 5:09 AM UTC",av manuel l barrag√°n desde sendero hasta fidel vzz inundaci√≥n media av l√≥pez mateos en sus cruces con privada l√≥pez mateos y fundidores inundaci√≥n media,0,0,1,0,https://twitter.com/GobSanNicolas/status/1804018849269838035#m,,,
@GobSanNicolas,Gobierno de San Nicol√°s,"Jun 21, 2024 ¬∑ 5:09 AM UTC",cruces en zonas de riesgo juan pablo ii cristina larralde inundaci√≥n media las puentes cristina larralde inundaci√≥n media juan pablo ii cristina larralde y san nicol√°s inundaci√≥n media,0,0,1,0,https://twitter.com/GobSanNicolas/status/1804018847407591863#m,,,
@GobSanNicolas,Gobierno de San Nicol√°s,"Jun 21, 2024 ¬∑ 4:40 AM UTC",av universidad tapia a la altura de estaci√≥n del metro tapia inundaci√≥n media arroyo la talaverana a la altura de la col blas chumacera y talaverana inundaci√≥n media,0,1,1,0,https://twitter.com/GobSanNicolas/status/1804011397203866010#m,,,
@GobSanNicolas,Gobierno de San Nicol√°s,"Jun 21, 2024 ¬∑ 4:40 AM UTC",juan pablo ii cristina larralde y san nicol√°s inundaci√≥n media av manuel l barrag√°n desde sendero hasta fidel vzz inundaci√≥n media av l√≥pez mateos en sus cruces con privada l√≥pez mateos y fundidores inundaci√≥n media,0,0,1,0,https://twitter.com/GobSanNicolas/status/1804011392678142343#m,,,
@GobSanNicolas,Gobierno de San Nicol√°s,"Jun 21, 2024 ¬∑ 4:39 AM UTC",cruces en zonas de riesgo juan pablo ii cristina larralde inundaci√≥n media las puentes cristina larralde inundaci√≥n media,2,1,0,0,https://twitter.com/GobSanNicolas/status/1804011246468870161#m,,,
@GobSanNicolas,Gobierno de San Nicol√°s,"Jun 21, 2024 ¬∑ 4:26 AM UTC",av l√≥pez mateos en sus cruces con privada l√≥pez mateos y fundidores inundaci√≥n media av universidad tapia a la altura de estaci√≥n del metro tapia inundaci√≥n media arroyo la talaverana a la altura de la col blas chumacera y talaverana inundaci√≥n media,2,0,0,0,https://twitter.com/GobSanNicolas/status/1804007928501784701#m,,,
@GobSanNicolas,Gobierno de San Nicol√°s,"Jun 21, 2024 ¬∑ 4:26 AM UTC",cruces en zonas de riesgo juan pablo ii cristina larralde inundaci√≥n media las puentes cristina larralde inundaci√≥n media juan pablo ii cristina larralde y san nicol√°s inundaci√≥n media av manuel l barrag√°n desde sendero hasta fidel vzz inundaci√≥n media,5,3,1,0,https://twitter.com/GobSanNicolas/status/1804007885401141714#m,,,
@GobSanNicolas,Gobierno de San Nicol√°s,"Jun 21, 2024 ¬∑ 4:25 AM UTC",c√≥mo va el arroyo arroyo topo chico universidad cristina larralde cristina larralde juventud con desborde cristina larralde las puentes cristina larralde juan pablo ii copan,2,0,2,0,https://twitter.com/GobSanNicolas/status/1804007806221050105#m,,,
@GobSanNicolas,Gobierno de San Nicol√°s,"Jun 21, 2024 ¬∑ 2:38 AM UTC",av universidad tapia a la altura de estaci√≥n del metro tapia inundaci√≥n media arroyo la talaverana a la altura de la col blas chumacera y talaverana inundaci√≥n media,2,3,0,0,https://twitter.com/GobSanNicolas/status/1803980752251420706#m,,,
@GobSanNicolas,Gobierno de San Nicol√°s,"Jun 21, 2024 ¬∑ 2:38 AM UTC",juan pablo ii cristina larralde y san nicol√°s inundaci√≥n media av manuel l barrag√°n desde sendero hasta fidel vzz inundaci√≥n media av l√≥pez mateos en sus cruces con privada l√≥pez mateos y fundidores inundaci√≥n media,3,3,0,0,https://twitter.com/GobSanNicolas/status/1803980707024273897#m,,,
@GobSanNicolas,Gobierno de San Nicol√°s,"Jun 21, 2024 ¬∑ 2:37 AM UTC",cruces en zonas de riesgo juan pablo ii cristina larralde inundaci√≥n media las puentes cristina larralde inundaci√≥n media,2,3,0,0,https://twitter.com/GobSanNicolas/status/1803980632915071025#m,,,
@PortalElPunto,Portal El Punto,"Jun 21, 2024 ¬∑ 3:34 AM UTC",evita nueva infraestructura pluvial inundaciones en mtygob colosioriojas,0,0,0,0,https://twitter.com/PortalElPunto/status/1803994803115323582#m,['https://pbs.twimg.com/media/GQkTtfYWwAE000L.jpg'],,
@PortalElPunto,Portal El Punto,"Jun 20, 2024 ¬∑ 5:47 AM UTC",realiza pcmty el cierre del vado ubicado en constituci√≥n y la calle padre mier debido a inundaciones en la zona por las lluvias de tormentatropical alberto,0,0,0,0,https://twitter.com/PortalElPunto/status/1803666055073595424#m,,['https://video.twimg.com/ext_tw_video/1803595021477695488/pu/pl/Tyhdt7aXKb5OGB6g.m3u8?tag=12'],
@mtygob,Gobierno Monterrey,"Jun 21, 2024 ¬∑ 2:51 AM UTC",cierres a la vialidad por inundaciones zona centro aramberri y de noviembre debido a postes de cfe derribados,7,1,0,0,https://twitter.com/mtygob/status/1803984066896891927#m,,,
@mtygob,Gobierno Monterrey,"Jun 21, 2024 ¬∑ 2:51 AM UTC",cierres a la vialidad por inundaciones zona centro conchello y san nicolas ruiz cortines y conchello constituci√≥n carriles ordinarios y dr coss constituci√≥n carriles ordinarios y padre mier carriles express de las avenidas moroes prieto y constituci√≥n,9,2,2,0,https://twitter.com/mtygob/status/1803984061037449586#m,,,
@mtygob,Gobierno Monterrey,"Jun 21, 2024 ¬∑ 2:51 AM UTC",cierres a la vialidad por inundaciones hasta el momento zona norte rodrigo gomez y pr√≥ceres diaz ordaz y aaron saenz clouthier y aaron saenz almazan y zaragoza por desgaje del cerro,5,0,3,0,https://twitter.com/mtygob/status/1803984056599875602#m,,,
@mtygob,Gobierno Monterrey,"Jun 21, 2024 ¬∑ 2:51 AM UTC",cierres a la vialidad por inundaciones hasta el momento zona sur camino al mirador y lazaro cardenas parque canoas antiguo camino a villa de santiago y avenida la hacienda antiguo camino a villa de santiago y santa anita,70,15,1,0,https://twitter.com/mtygob/status/1803983994243158135#m,,,
@mtygob,Gobierno Monterrey,"Jun 20, 2024 ¬∑ 5:33 PM UTC",durante el recorrido por los sistemas de amortiguamiento pluvial sap compa√±eros de la sismty comprobaron que gracias a que estos regulan el flujo de las corrientes de agua ayudan a evitar inundaciones en colonias que se ve√≠an afectadas por las lluvias,49,8,1,0,https://twitter.com/mtygob/status/1803843588289339832#m,,['https://video.twimg.com/ext_tw_video/1803843392235003904/pu/pl/x8qw3ER3RaZj55Ur.m3u8?tag=12'],
@mtygob,Gobierno Monterrey,"Jun 20, 2024 ¬∑ 5:21 PM UTC",compa√±eros de pcmty tr√°nsito y sspcmonterrey contin√∫an con recorridos sobre las principales avenidas y puntos de riesgo cierres por inundaci√≥n constituci√≥n y dr coss constituci√≥n y padre mier morones prieto y ayutla carriles ordinarios,2,0,1,0,https://twitter.com/mtygob/status/1803840668651131089#m,,,
@ABCNoticiasMX,ABCNoticias.mx,"Jun 18, 2024 ¬∑ 8:33 PM UTC",almomento uanl anuncia clases en l√≠nea frente a racha de d√≠as lluviosos ma√±ana mi√©rcoles se prev√© que inicien las lluvias en nuestra entidad y es posible que se registren encharcamientos e inundaciones,11,4,2,0,https://twitter.com/ABCNoticiasMX/status/1803164090933620860#m,,,
@visionmty1,visionmty,"Jun 20, 2024 ¬∑ 10:11 PM UTC",entregaremos la casa en excelente estado tec de mty el tec de mty emiti√≥ un comunicado luego de que se diera a conocer en rrss la inundaci√≥n que sufri√≥ la casa di√°fana premio principal del sorteo que tendr√≠a verificativo dentro de unos dias detalles,2,4,1,0,https://twitter.com/visionmty1/status/1803913492908445884#m,"['https://pbs.twimg.com/media/GQjJsZfXIAAREAm.jpg', 'https://pbs.twimg.com/media/GQjJwOdWYAAwEYn.jpg', 'https://pbs.twimg.com/media/GQjJwOoWMAABM97.jpg', 'https://pbs.twimg.com/media/GQjJwOzWwAAExVS.jpg']",,
@visionmty1,visionmty,"Jun 20, 2024 ¬∑ 3:52 PM UTC",se desborda rio santa catarina abriran compuertas de la boca las constantes lluvias registradas por la tormenta alberto ya ha provocado al desborde del rio santa catarina y ha provocado el cierre de varios tramos de la avenida morones prieto detalles,1,1,0,0,https://twitter.com/visionmty1/status/1803818190281089404#m,['https://pbs.twimg.com/media/GQhzEzLWcAErcsK.jpg'],,
@visionmty1,visionmty,"Jun 10, 2024 ¬∑ 3:29 PM UTC",at√≥nitos energ√≠a contaminaci√≥n agua para d√≥nde vamos por stibaliz ruizurquijo estamos ante contingencias de todo contaminaci√≥n agua apagones y la verdad tenemos que cuidar de nosotros mismos columna completa,0,0,0,0,https://twitter.com/visionmty1/status/1800188599843119323#m,['https://pbs.twimg.com/media/GPuN-2QXQAAPtE5.jpg'],,
@LCAlatorre,Dr. Luis Carlos Alatorre,"Jun 20, 2024 ¬∑ 5:46 PM UTC",equipo de emergencia de conagua apoyando con bombeo para mitigar los efectos de encharcamientos e inundaciones en diferentes partes de la zmm somosconagua,117,21,3,0,https://twitter.com/LCAlatorre/status/1803846933456253127#m,,['https://video.twimg.com/ext_tw_video/1803846879400153088/pu/pl/ryBW0o4ZgDJwYHMe.m3u8?tag=12'],
@IdentidadNL,Identidad Nuevo Le√≥n,"Jun 15, 2024 ¬∑ 6:32 AM UTC",as√≠ se alej√≥ claudia sheinbaum de lugar donde sus elementos de avanzada chocaron a un veh√≠culo resultando una persona sin vida y una m√°s con lesiones de consideraci√≥n claudia amlo monclova pastadeconchos qepd accidente identidasnlcom video funesta,0,0,0,0,https://twitter.com/IdentidadNL/status/1801865318987415811#m,,['https://video.twimg.com/ext_tw_video/1801863037961351168/pu/pl/U3b2dDLBprkuKn5K.m3u8?tag=12'],
@IdentidadNL,Identidad Nuevo Le√≥n,"Jun 14, 2024 ¬∑ 6:47 PM UTC",muere elemento de avanzada de claudia sheinbaum en accidente carretero cuando se dirig√≠an a la gira en donde acompa√±ar√° al presidente amlo sobrevino un accidente y la presidenta electa lleg√≥ al lugar a prestar auxilio claudia qepd amlo mtyfollow identidadnlcom,0,1,0,0,https://twitter.com/IdentidadNL/status/1801688011966713983#m,['https://pbs.twimg.com/media/GQDhM05WkAAvHWk.jpg'],,
@IdentidadNL,Identidad Nuevo Le√≥n,"Jun 9, 2024 ¬∑ 2:38 AM UTC",lamentable momento del accidente en el rich de san luis potos√≠ donde perdieron la vida dos personas instant√°neamente y otras resultaron heridas de gravedad sanluispotos√≠ rich accidente lesionados qepd mtyfollow identidadnlcom,22,6,1,0,https://twitter.com/IdentidadNL/status/1799632160669970820#m,,['https://video.twimg.com/ext_tw_video/1799631589145534464/pu/pl/RO5m6sdRpIN2e-Mm.m3u8?tag=12'],
@IdentidadNL,Identidad Nuevo Le√≥n,"Jun 9, 2024 ¬∑ 2:27 AM UTC",trenazo tren embiste cami√≥n de personal en garc√≠a nl a pesar de lo aparatoso del accidente solo una persona result√≥ con lesiones menores accidente garc√≠anl viral vecinosgarcia cuidadoconeltren pcnuevoleon mtyfollow desdecamion identidadnlcom,3,0,0,0,https://twitter.com/IdentidadNL/status/1799629317036441750#m,,['https://video.twimg.com/ext_tw_video/1799628793620914176/pu/pl/C6ky-tN6omr1NNXm.m3u8?tag=12'],
@IdentidadNL,Identidad Nuevo Le√≥n,"Jun 8, 2024 ¬∑ 11:15 PM UTC",peligro en la sierra de santiago nl la lluvia y los escurrimientos mantienen en alerta a las comunidades de las partes altas del municipio riesgo inundaciones lluvia santiago nuevole√≥n mtyfollow identidadnlcom,0,0,0,0,https://twitter.com/IdentidadNL/status/1799581023316983940#m,,['https://video.twimg.com/ext_tw_video/1799580999501668353/pu/pl/NbPfLmr9_YuHRNMU.m3u8?tag=12'],
@IdentidadNL,Identidad Nuevo Le√≥n,"Jun 7, 2024 ¬∑ 5:24 AM UTC",reportan desplome de un elevador en el tec de monterrey unidades de rescate se dirigen al lugar se desconoce si hay lesionados tecdemonterrey caidadeelevador accidente mtyfollow identidadnlcom,1,2,0,0,https://twitter.com/IdentidadNL/status/1798949109292003472#m,,['https://video.twimg.com/ext_tw_video/1798948670081249280/pu/pl/qbZHxomUdfQ4dAwi.m3u8?tag=12'],
@IdentidadNL,Identidad Nuevo Le√≥n,"Jun 7, 2024 ¬∑ 5:17 AM UTC",sacude tromba a monterrey y √°rea metropolitana inundaciones √°rboles ca√≠dos postes derribados y muchos sectores sin luz fue el saldo de una tromba que azot√≥ monterrey lluvia tromba pcnuevoleon pcmty sanpedro identidaanlcom mtyfollow,8,5,0,0,https://twitter.com/IdentidadNL/status/1798947260941910434#m,,['https://video.twimg.com/ext_tw_video/1798947179333312513/pu/pl/DXWC8x9qV-VCzcIL.m3u8?tag=12'],
@IdentidadNL,Identidad Nuevo Le√≥n,"Jun 5, 2024 ¬∑ 12:16 AM UTC",mujer muere golpeada por locomotora empress accidente tren kcsg,1,0,0,0,https://twitter.com/IdentidadNL/status/1798146726240624701#m,,,
@gob_Escobedo,Gobierno de Escobedo,"Jun 21, 2024 ¬∑ 2:20 AM UTC",almomento pm cierre total de carretera a monclova en el tramo de libramiento y colombia por encharcamiento para evitar accidentes as√≠ como cierre de av santa b√°rbara en ambos sentidos,15,7,0,0,https://twitter.com/gob_Escobedo/status/1803976257144504424#m,['https://pbs.twimg.com/media/GQkC2CXWIAAfEDO.jpg'],,
@ShiirleyHdez,ShirleyHernandez,"Jun 21, 2024 ¬∑ 12:09 AM UTC",salva protecci√≥n civil aramberri a mujer con su perro ante las inundaciones provocadas por la tormenta tropical alberto protecci√≥n civil de aramberri rescat√≥ a una mujer que se qued√≥ atrapada en el agua con su perrito mtyfollow comunidadmty aztecacomunidad,23,6,2,1,https://twitter.com/ShiirleyHdez/status/1803943380436815943#m,,['https://video.twimg.com/ext_tw_video/1803943358928420864/pu/vid/avc1/356x640/KWWikzV3I4sTRmgw.mp4?tag=12'],
@andresmijesmx,Andr√©s Mijes,"Jun 20, 2024 ¬∑ 6:30 PM UTC",supervisando las avenidas principales donde anteriormente sufr√≠amos inundaciones gracias a los pluviales que hemos construido en esta administraci√≥n el flujo del agua est√° circulando,11,7,2,0,https://twitter.com/andresmijesmx/status/1803857865477886232#m,"['https://pbs.twimg.com/media/GQiXKh-WgAEdGGN.jpg', 'https://pbs.twimg.com/media/GQiXKiBWkAAYPHc.jpg']",,
@nmasmonterrey,N+ Monterrey,"Jun 21, 2024 ¬∑ 2:41 AM UTC",viviendas se encuentran en riesgo por inundaciones en colonia la independencia en monterrey nl,9,2,0,0,https://twitter.com/nmasmonterrey/status/1803981541665652974#m,,,
@telediariomty,@telediariomty,"Jun 21, 2024 ¬∑ 1:50 AM UTC",se registra accidente de staff de brincos dieras donde se report√≥ la muerte de una persona iv√°n ruiz,78,11,5,0,https://twitter.com/telediariomty/status/1803968722870374650#m,,['https://video.twimg.com/ext_tw_video/1803968499280416772/pu/pl/TxNh-1X2juUtjTAy.m3u8?tag=12'],
@municipiodegpe,Municipio de Guadalupe,"Jun 20, 2024 ¬∑ 2:41 PM UTC",al momento informe am r√≠o sta catarina sin desborde r√≠o la silla desborde del cauce col felipe √°ngeles parque tolteca y col orizaba arroyo las tinajas con desbordes col las flores arroyo la talaverna al al momento familias evacuadas de col orizaba,7,3,1,0,https://twitter.com/municipiodegpe/status/1803800396093182419#m,,,
@municipiodegpe,Municipio de Guadalupe,"Jun 15, 2024 ¬∑ 10:00 PM UTC",si viajas en auto usa el cintur√≥n este reduce significativamente el riesgo de muerte o lesiones graves durante un accidente automovil√≠stico laciudadparacrecer,0,0,1,0,https://twitter.com/municipiodegpe/status/1802098761776205865#m,['https://pbs.twimg.com/media/GQEcZ-dWkAA6IUV.jpg'],,
@yadithvaldez,Yadith Valdez,"Sep 2, 2023 ¬∑ 9:00 PM UTC",otra historia registrada en mi querida av paseo de los leones y como suele ocurrir veh√≠culos con placas for√°neas la afectada edit√≥ este video para hacer p√∫blico el accidente y la acci√≥n del automovilista,1063,674,148,39,https://twitter.com/yadithvaldez/status/1698078583514616268#m,,['https://video.twimg.com/amplify_video/1698077605843402752/pl/ZeSrwC1Sx8gumRiA.m3u8?tag=14&v=059'],
